,chr,start,end,no drugs avg,with drugs avg,change
115487,15.0,81127754.0,81127989.0,0.213918121851815,0.871372970847113,-0.6574548489952979
123713,17.0,78997693.0,78997837.0,5.87127315371663e-08,0.999706900283528,-0.9997068415707964
125066,17.0,78997413.0,78998032.0,5.87127315371663e-08,0.999706900283528,-0.9997068415707964
144536,21.0,44914453.0,44914693.0,0.4151377910751911,0.7067435313484581,-0.2916057402732671
144615,21.0,44689403.0,44689673.0,0.36222812172489705,0.91082471297066,-0.5485965912457629
145027,21.0,44923336.0,44923576.0,0.3279565448593039,0.6523358747712149,-0.324379329911911
145543,21.0,44922331.0,44922601.0,0.33709637071289195,0.6603131328597099,-0.323216762146818
