,chr,start,end,no drugs avg,with drugs avg,change
14378,2.0,30698498.0,30698738.0,0.957931120469416,0.254805883082112,0.703125237387304
20510,2.0,30698324.0,30698854.0,0.957931120469416,0.254805883082112,0.703125237387304
21222,2.0,180126148.0,180126678.0,0.980460829893308,0.277760589543779,0.7027002403495289
28672,3.0,81715780.0,81715931.0,0.919372956102377,0.21744882786796305,0.701924128234414
31468,3.0,81715663.0,81716049.0,0.919372956102377,0.21744882786796305,0.701924128234414
34295,3.0,4533958.0,4534228.0,0.913974943457697,1.01343966015777e-09,0.9139749424442574
78486,9.0,136428805.0,136429335.0,0.926234963243044,0.122775719565527,0.803459243677517
80633,9.0,101985965.0,101986205.0,0.959886970098768,0.213099491688496,0.7467874784102719
94614,11.0,34377742.0,34377982.0,0.929693975102241,0.161603420063451,0.7680905550387901
98414,12.0,133657384.0,133657624.0,0.999555226127102,0.0726512218277938,0.9269040042993084
100111,12.0,133656971.0,133657211.0,0.99963413429828,0.0669238773874706,0.9327102569108094
102363,12.0,133657231.0,133657761.0,0.9995595448494508,0.0723509657930413,0.9272085790564096
103676,12.0,133657362.0,133657632.0,0.999555845375132,0.0726082533572541,0.926947592017878
105519,13.0,50068711.0,50069241.0,0.9524290054029092,0.15779295397857002,0.7946360514243391
105657,13.0,73414125.0,73414228.0,0.9653287907315,0.26180385577202103,0.7035249349594789
105945,13.0,73413973.0,73414420.0,0.9653287907315,0.26180385577202103,0.7035249349594789
113668,15.0,31282280.0,31282520.0,0.962565039853368,0.238179466124929,0.7243855737284389
134129,19.0,59092570.0,59092842.0,0.963410575104665,0.230847354676796,0.7325632204278689
134569,19.0,59092583.0,59092828.0,0.962978386010998,0.231246023376032,0.7317323626349659
139087,19.0,41106962.0,41107232.0,0.970400846986788,0.269740649226352,0.7006601977604361
144847,21.0,44839438.0,44839678.0,1.0,1.50304121221801e-05,0.999984969587878
145286,21.0,44847203.0,44847473.0,1.0,0.0581573217159056,0.9418426782840944
145370,21.0,44839474.0,44839551.0,1.0,1.7219979185605705e-05,0.9999827800208144
145391,21.0,44847209.0,44847449.0,1.0,0.0574725505900904,0.9425274494099096
146938,22.0,24389587.0,24389795.0,0.992944825334725,5.48162650205058e-05,0.9928900090697044
146962,22.0,19072701.0,19072941.0,0.9109386357069972,0.175681036448975,0.735257599258022
151795,22.0,24384781.0,24384849.0,0.998356599804194,0.0519695253084314,0.9463870744957628
